"timestamp","pageUrl","domain","resourceType","isThirdParty","hasAdKeywords","isKnownAdDomain","sizeKB","durationMs","status"
"2025-04-14T17:06:22.317Z","https://example.com/","example.com","document",false,false,false,0.63,669,200
"2025-04-14T17:06:22.536Z","https://example.com/","example.com","other",false,false,false,1.23,197,404
"2025-04-14T17:06:23.100Z","https://example.com/","cnn.com","document",true,false,false,0,120,301
"2025-04-14T17:06:23.534Z","https://example.com/","www.cnn.com","document",true,false,false,0,433,302
"2025-04-14T17:06:23.774Z","https://edition.cnn.com/","edition.cnn.com","document",false,false,false,410.22,240,200
"2025-04-14T17:06:23.950Z","https://edition.cnn.com/","edition.cnn.com","script",false,true,false,46,311,200
"2025-04-14T17:06:23.954Z","https://edition.cnn.com/","edition.cnn.com","script",false,true,false,195.79,315,200
"2025-04-14T17:06:23.958Z","https://edition.cnn.com/","cdn.optimizely.com","script",true,false,false,116.36,250,200
"2025-04-14T17:06:24.077Z","https://edition.cnn.com/","lightning.cnn.com","script",true,false,false,0,439,200
"2025-04-14T17:06:24.341Z","https://edition.cnn.com/","edition.cnn.com","image",false,true,false,0.49,86,200
"2025-04-14T17:06:24.344Z","https://edition.cnn.com/","edition.cnn.com","image",false,true,false,0.32,90,200
"2025-04-14T17:06:24.346Z","https://edition.cnn.com/","edition.cnn.com","image",false,true,false,0.11,90,200
"2025-04-14T17:06:24.349Z","https://edition.cnn.com/","edition.cnn.com","image",false,false,false,0.34,93,200
"2025-04-14T17:06:24.865Z","https://edition.cnn.com/","media.cnn.com","image",true,false,false,77.66,1125,200
"2025-04-14T17:06:24.869Z","https://edition.cnn.com/","media.cnn.com","image",true,false,false,23.08,1111,200
"2025-04-14T17:06:24.871Z","https://edition.cnn.com/","media.cnn.com","image",true,false,false,9.19,1112,200
"2025-04-14T17:06:24.873Z","https://edition.cnn.com/","media.cnn.com","image",true,false,false,50.14,1114,200
"2025-04-14T17:06:24.874Z","https://edition.cnn.com/","media.cnn.com","image",true,false,false,60.18,1114,200
"2025-04-14T17:06:24.876Z","https://edition.cnn.com/","media.cnn.com","image",true,true,false,63.11,1115,200
"2025-04-14T17:06:24.877Z","https://edition.cnn.com/","media.cnn.com","image",true,false,false,57,1131,200
"2025-04-14T17:06:24.879Z","https://edition.cnn.com/","media.cnn.com","image",true,false,false,9.49,1134,200
"2025-04-14T17:06:24.880Z","https://edition.cnn.com/","media.cnn.com","image",true,false,false,27.99,1139,200
"2025-04-14T17:06:24.880Z","https://edition.cnn.com/","media.cnn.com","image",true,false,false,28.03,1138,200
"2025-04-14T17:06:24.881Z","https://edition.cnn.com/","media.cnn.com","image",true,false,false,11.28,1137,200
"2025-04-14T17:06:24.883Z","https://edition.cnn.com/","media.cnn.com","image",true,false,false,75.45,1139,200
"2025-04-14T17:06:24.884Z","https://edition.cnn.com/","media.cnn.com","image",true,false,false,11.39,1139,200
"2025-04-14T17:06:24.886Z","https://edition.cnn.com/","media.cnn.com","image",true,false,false,5.69,1140,200
"2025-04-14T17:06:24.888Z","https://edition.cnn.com/","media.cnn.com","image",true,false,false,56.31,1141,200
"2025-04-14T17:06:24.889Z","https://edition.cnn.com/","media.cnn.com","image",true,false,false,49.85,1141,200
"2025-04-14T17:06:24.890Z","https://edition.cnn.com/","media.cnn.com","image",true,false,false,11.69,1140,200
"2025-04-14T17:06:24.891Z","https://edition.cnn.com/","media.cnn.com","image",true,false,false,11.34,1135,200
"2025-04-14T17:06:24.892Z","https://edition.cnn.com/","media.cnn.com","image",true,false,false,9.45,1144,200
"2025-04-14T17:06:24.893Z","https://edition.cnn.com/","media.cnn.com","image",true,true,false,4.7,1136,200
"2025-04-14T17:06:24.894Z","https://edition.cnn.com/","media.cnn.com","image",true,false,false,12.04,1142,200
"2025-04-14T17:06:24.895Z","https://edition.cnn.com/","media.cnn.com","image",true,false,false,10.53,1144,200
"2025-04-14T17:06:24.896Z","https://edition.cnn.com/","media.cnn.com","image",true,false,false,18.99,1141,200
"2025-04-14T17:06:24.897Z","https://edition.cnn.com/","media.cnn.com","image",true,false,false,5.41,1139,200
"2025-04-14T17:06:24.898Z","https://edition.cnn.com/","media.cnn.com","image",true,false,false,12.36,1149,200
"2025-04-14T17:06:24.899Z","https://edition.cnn.com/","media.cnn.com","image",true,false,false,119.54,1139,200
"2025-04-14T17:06:24.899Z","https://edition.cnn.com/","media.cnn.com","image",true,false,false,11.11,1146,200
"2025-04-14T17:06:24.900Z","https://edition.cnn.com/","media.cnn.com","image",true,false,false,15.72,1148,200
"2025-04-14T17:06:24.901Z","https://edition.cnn.com/","media.cnn.com","image",true,true,false,8.48,1151,200
"2025-04-14T17:06:24.902Z","https://edition.cnn.com/","media.cnn.com","image",true,false,false,36.56,1150,200
"2025-04-14T17:06:24.903Z","https://edition.cnn.com/","media.cnn.com","image",true,false,false,7.27,1154,200
"2025-04-14T17:06:24.903Z","https://edition.cnn.com/","media.cnn.com","image",true,false,false,22.21,1161,200
"2025-04-14T17:06:24.904Z","https://edition.cnn.com/","edition.cnn.com","font",false,false,false,45.38,647,200
"2025-04-14T17:06:24.905Z","https://edition.cnn.com/","edition.cnn.com","font",false,false,false,46.12,647,200
"2025-04-14T17:06:24.906Z","https://edition.cnn.com/","edition.cnn.com","font",false,false,false,45.32,648,200
"2025-04-14T17:06:24.907Z","https://edition.cnn.com/","media.cnn.com","image",true,false,false,114.51,1164,200
"2025-04-14T17:06:24.908Z","https://edition.cnn.com/","media.cnn.com","image",true,false,false,69.83,1146,200
"2025-04-14T17:06:24.909Z","https://edition.cnn.com/","media.cnn.com","image",true,false,false,17.96,1140,200
"2025-04-14T17:06:24.909Z","https://edition.cnn.com/","media.cnn.com","image",true,false,false,607.35,1166,200
"2025-04-14T17:06:24.910Z","https://edition.cnn.com/","media.cnn.com","image",true,false,false,37.09,1141,200
"2025-04-14T17:06:24.911Z","https://edition.cnn.com/","media.cnn.com","image",true,true,false,27,1143,200
"2025-04-14T17:06:24.912Z","https://edition.cnn.com/","media.cnn.com","image",true,false,false,42.65,1144,200
"2025-04-14T17:06:24.913Z","https://edition.cnn.com/","media.cnn.com","image",true,false,false,31.22,1146,200
"2025-04-14T17:06:24.914Z","https://edition.cnn.com/","media.cnn.com","image",true,false,false,34.15,1147,200
"2025-04-14T17:06:24.914Z","https://edition.cnn.com/","media.cnn.com","image",true,false,false,57.9,1151,200
"2025-04-14T17:06:24.916Z","https://edition.cnn.com/","media.cnn.com","image",true,false,false,59.42,1152,200
"2025-04-14T17:06:24.917Z","https://edition.cnn.com/","media.cnn.com","image",true,false,false,43.36,1152,200
"2025-04-14T17:06:24.918Z","https://edition.cnn.com/","media.cnn.com","image",true,false,false,37.01,1155,200
"2025-04-14T17:06:24.919Z","https://edition.cnn.com/","media.cnn.com","image",true,false,false,26.25,1153,200
"2025-04-14T17:06:25.337Z","https://edition.cnn.com/","edition.cnn.com","image",false,false,false,0.62,296,200
"2025-04-14T17:06:25.340Z","https://edition.cnn.com/","edition.cnn.com","image",false,false,false,0.19,298,200
"2025-04-14T17:06:25.343Z","https://edition.cnn.com/","edition.cnn.com","image",false,false,false,0.53,301,200
"2025-04-14T17:06:25.345Z","https://edition.cnn.com/","edition.cnn.com","image",false,false,false,0.27,302,200
"2025-04-14T17:06:25.375Z","https://edition.cnn.com/","media.cnn.com","media",true,false,false,1317.05,512,206
"2025-04-14T17:06:25.665Z","https://edition.cnn.com/","edition.cnn.com","image",false,false,false,0.13,364,200
"2025-04-14T17:06:25.667Z","https://edition.cnn.com/","edition.cnn.com","image",false,false,false,0.53,332,200
"2025-04-14T17:06:25.727Z","https://edition.cnn.com/","media.cnn.com","media",true,false,false,2158.22,796,206
"2025-04-14T17:06:25.364Z","https://edition.cnn.com/","lightning.cnn.com","script",true,false,false,13.9,1143,200
"2025-04-14T17:06:25.772Z","https://edition.cnn.com/","sb.scorecardresearch.com","script",true,false,true,0,1550,302
"2025-04-14T17:06:25.757Z","https://edition.cnn.com/","get.s-onetag.com","script",true,false,false,0,2052,200
"2025-04-14T17:06:25.761Z","https://edition.cnn.com/","edition.cnn.com","fetch",false,false,false,0.02,458,200
"2025-04-14T17:06:25.847Z","https://edition.cnn.com/","static.chartbeat.com","script",true,false,false,0,2139,200
"2025-04-14T17:06:25.881Z","https://edition.cnn.com/","registry.api.cnn.io","script",true,false,false,76.93,2175,200
"2025-04-14T17:06:26.018Z","https://edition.cnn.com/","sb.scorecardresearch.com","script",true,false,true,0,246,200
"2025-04-14T17:06:26.020Z","https://edition.cnn.com/","edition.cnn.com","script",false,false,false,7.14,282,200
"2025-04-14T17:06:26.023Z","https://edition.cnn.com/","signal-beacon.s-onetag.com","script",true,false,false,0,253,200
"2025-04-14T17:06:26.025Z","https://edition.cnn.com/","tag.wknd.ai","script",true,false,false,2.85,725,200
"2025-04-14T17:06:26.029Z","https://edition.cnn.com/","z.cdp-dev.cnn.com","script",true,false,false,267.85,2325,200
"2025-04-14T17:06:26.037Z","https://edition.cnn.com/","cdn.jsdelivr.net","fetch",true,false,false,1.23,376,200
"2025-04-14T17:06:26.107Z","https://edition.cnn.com/","s.cdn.turner.com","script",true,false,false,17.31,803,200
"2025-04-14T17:06:26.151Z","https://edition.cnn.com/","registry.api.cnn.io","stylesheet",true,false,false,32.48,150,200
"2025-04-14T17:06:26.159Z","https://edition.cnn.com/","edition.cnn.com","xhr",false,false,false,1.83,122,200
"2025-04-14T17:06:26.160Z","https://edition.cnn.com/","onetag-geo.s-onetag.com","fetch",true,false,false,0.54,57,200
"2025-04-14T17:06:26.173Z","https://edition.cnn.com/","onetag-geo.s-onetag.com","fetch",true,false,false,0.54,70,200
"2025-04-14T17:06:26.191Z","https://edition.cnn.com/","z.cdp-dev.cnn.com","script",true,false,false,4.59,121,200
"2025-04-14T17:06:26.272Z","https://edition.cnn.com/","accounts.google.com","script",true,false,false,0,969,200
"2025-04-14T17:06:26.274Z","https://edition.cnn.com/","registry.api.cnn.io","script",true,false,false,6.42,272,200
"2025-04-14T17:06:26.349Z","https://edition.cnn.com/","assets.bounceexchange.com","script",true,false,false,0.5,240,200
"2025-04-14T17:06:26.361Z","https://edition.cnn.com/","edition.cnn.com","script",false,true,false,99.97,203,200
"2025-04-14T17:06:26.406Z","https://edition.cnn.com/","secure.quantserve.com","script",true,false,false,0,2184,200
"2025-04-14T17:06:26.444Z","https://edition.cnn.com/","fonts.googleapis.com","stylesheet",true,false,false,0,293,200
"2025-04-14T17:06:26.550Z","https://edition.cnn.com/","assets.bounceexchange.com","script",true,false,false,16.55,193,200
"2025-04-14T17:06:26.559Z","https://edition.cnn.com/","mab.chartbeat.com","xhr",false,true,false,0.67,682,200
"2025-04-14T17:06:26.565Z","https://edition.cnn.com/","registry.api.cnn.io","script",true,false,false,347.76,563,200
"2025-04-14T17:06:26.567Z","https://edition.cnn.com/","assets.bounceexchange.com","script",true,false,false,116.7,212,200
"2025-04-14T17:06:26.569Z","https://edition.cnn.com/","edition.cnn.com","fetch",false,false,false,55.25,166,200
"2025-04-14T17:06:26.731Z","https://edition.cnn.com/","edition.cnn.com","script",false,false,false,17.03,326,200
"2025-04-14T17:06:26.732Z","https://edition.cnn.com/","collector.cdp.cnn.com","xhr",true,false,false,0,0,200
"2025-04-14T17:06:26.734Z","https://edition.cnn.com/","cdn.cookielaw.org","fetch",true,false,false,78.86,330,200
"2025-04-14T17:06:26.956Z","https://edition.cnn.com/","zion.api.cnn.io","xhr",true,false,false,0.13,695,200
"2025-04-14T17:06:26.959Z","https://edition.cnn.com/","collector.cdp.cnn.com","xhr",true,false,false,0,227,200
"2025-04-14T17:06:26.961Z","https://edition.cnn.com/","edition.cnn.com","fetch",false,false,false,3.06,42,200
"2025-04-14T17:06:26.964Z","https://edition.cnn.com/","edition.cnn.com","fetch",false,false,false,12.63,45,200
"2025-04-14T17:06:26.974Z","https://edition.cnn.com/","edition.cnn.com","fetch",false,false,false,3.87,55,200
"2025-04-14T17:06:27.097Z","https://edition.cnn.com/","edition.cnn.com","fetch",false,false,false,0.3,50,200
"2025-04-14T17:06:27.119Z","https://edition.cnn.com/","edition.cnn.com","image",false,false,false,3.63,43,200
"2025-04-14T17:06:27.120Z","https://edition.cnn.com/","edition.cnn.com","image",false,false,false,1.94,43,200
"2025-04-14T17:06:27.209Z","https://edition.cnn.com/","registry.api.cnn.io","script",true,false,false,53.66,576,200
"2025-04-14T17:06:27.213Z","https://edition.cnn.com/","rules.quantcount.com","script",true,false,false,0,244,200
"2025-04-14T17:06:27.247Z","https://edition.cnn.com/","assets.bounceexchange.com","fetch",true,true,false,19.29,41,200
"2025-04-14T17:06:27.281Z","https://edition.cnn.com/","assets.bounceexchange.com","script",true,true,false,5.43,78,200
"2025-04-14T17:06:27.284Z","https://edition.cnn.com/","assets.bounceexchange.com","script",true,true,false,38.57,80,200
"2025-04-14T17:06:27.394Z","https://edition.cnn.com/","assets.bounceexchange.com","script",true,false,false,30.29,59,200
"2025-04-14T17:06:27.658Z","https://edition.cnn.com/","registry.api.cnn.io","script",true,true,false,1131.54,1026,200
"2025-04-14T17:06:29.539Z","https://edition.cnn.com/","turnip.cdn.turner.com","stylesheet",true,false,false,8.44,225,200
"2025-04-14T17:06:29.575Z","https://edition.cnn.com/","turnip.cdn.turner.com","script",true,false,false,75.1,261,200
"2025-04-14T17:06:29.860Z","https://edition.cnn.com/","registry.api.cnn.io","script",true,true,false,129.38,156,200
"2025-04-14T17:06:29.959Z","https://edition.cnn.com/","medium.ngtv.io","fetch",true,false,false,0.37,201,200
"2025-04-14T17:06:30.081Z","https://edition.cnn.com/","media.cnn.com","image",true,false,false,360.18,138,200
"2025-04-14T17:06:30.176Z","https://edition.cnn.com/","accounts.google.com","stylesheet",true,false,false,0,64,200
"2025-04-14T17:06:30.187Z","https://edition.cnn.com/","edition.cnn.com","other",false,false,false,5.09,39,200
"2025-04-14T17:06:30.193Z","https://edition.cnn.com/","accounts.google.com","xhr",true,false,false,0,77,400
"2025-04-14T17:06:30.265Z","https://edition.cnn.com/","licensing.bitmovin.com","xhr",true,false,false,0.04,172,200
"2025-04-14T17:06:30.766Z","https://edition.cnn.com/","live-media-fly.warnermediacdn.com","xhr",true,false,false,0.58,633,200
"2025-04-14T17:06:30.877Z","https://edition.cnn.com/","live-media-fly.warnermediacdn.com","xhr",true,false,false,1.55,112,200
"2025-04-14T17:06:30.999Z","https://edition.cnn.com/","live-media-fly.warnermediacdn.com","xhr",true,false,false,1.56,234,200
"2025-04-14T17:06:31.249Z","https://edition.cnn.com/","live-media-fly.warnermediacdn.com","xhr",true,false,false,1.55,244,200
"2025-04-14T17:06:31.300Z","https://edition.cnn.com/","live-media-fly.warnermediacdn.com","xhr",true,false,false,0.67,51,200
"2025-04-14T17:06:31.536Z","https://edition.cnn.com/","live-media-fly.warnermediacdn.com","xhr",true,false,false,750.04,237,200
"2025-04-14T17:06:31.581Z","https://edition.cnn.com/","live-media-fly.warnermediacdn.com","xhr",true,false,false,0.6,45,200
"2025-04-14T17:06:31.637Z","https://edition.cnn.com/","live-media-fly.warnermediacdn.com","xhr",true,false,false,46.33,57,200
"2025-04-14T17:06:31.870Z","https://edition.cnn.com/","live-media-fly.warnermediacdn.com","xhr",true,false,false,1.56,221,200
"2025-04-14T17:06:31.917Z","https://edition.cnn.com/","live-media-fly.warnermediacdn.com","xhr",true,false,false,0.67,48,200
"2025-04-14T17:06:31.919Z","https://edition.cnn.com/","licensing.bitmovin.com","xhr",true,false,false,0,78,204
"2025-04-14T17:06:32.016Z","https://edition.cnn.com/","live-media-fly.warnermediacdn.com","xhr",true,false,false,356.71,99,200
"2025-04-14T17:06:32.080Z","https://edition.cnn.com/","live-media-fly.warnermediacdn.com","xhr",true,false,false,46.14,58,200
"2025-04-14T17:06:32.193Z","https://edition.cnn.com/","live-media-fly.warnermediacdn.com","xhr",true,false,false,367.74,105,200
"2025-04-14T17:06:32.264Z","https://edition.cnn.com/","live-media-fly.warnermediacdn.com","xhr",true,false,false,46.33,61,200
"2025-04-14T17:06:32.370Z","https://edition.cnn.com/","live-media-fly.warnermediacdn.com","xhr",true,false,false,410.99,100,200
"2025-04-14T17:06:32.400Z","https://edition.cnn.com/","sb.scorecardresearch.com","image",false,false,true,0.04,48,200
"2025-04-14T17:06:32.426Z","https://edition.cnn.com/","live-media-fly.warnermediacdn.com","xhr",true,false,false,46.16,49,200
"2025-04-14T17:06:32.539Z","https://edition.cnn.com/","live-media-fly.warnermediacdn.com","xhr",true,false,false,379.42,108,200
"2025-04-14T17:06:33.046Z","https://edition.cnn.com/","live-media-fly.warnermediacdn.com","xhr",true,false,false,46.31,497,200
"2025-04-14T17:06:33.149Z","https://edition.cnn.com/","live-media-fly.warnermediacdn.com","xhr",true,false,false,342,97,200
"2025-04-14T17:06:33.166Z","https://edition.cnn.com/","sb.scorecardresearch.com","image",false,false,true,0.04,51,200
"2025-04-14T17:06:33.208Z","https://edition.cnn.com/","live-media-fly.warnermediacdn.com","xhr",true,false,false,46.16,52,200
"2025-04-14T17:06:33.561Z","https://edition.cnn.com/","collector.cdp.cnn.com","xhr",true,false,false,0,75,200
"2025-04-14T17:06:34.028Z","https://edition.cnn.com/","live-media-fly.warnermediacdn.com","xhr",true,false,false,385.91,815,200
"2025-04-14T17:06:34.638Z","https://edition.cnn.com/","collector.cdp.cnn.com","xhr",true,false,false,0,84,200
"2025-04-14T17:06:34.992Z","https://edition.cnn.com/","events.bouncex.net","image",true,true,false,0.04,151,200
"2025-04-14T17:06:35.261Z","https://edition.cnn.com/","collector.cdp.cnn.com","xhr",true,false,false,0,75,200
"2025-04-14T17:06:35.988Z","https://edition.cnn.com/","collector.cdp.cnn.com","xhr",true,false,false,0,98,200
"2025-04-14T17:06:36.589Z","https://edition.cnn.com/","logs.browser-intake-datadoghq.com","fetch",true,true,false,0.05,699,202
"2025-04-14T17:06:36.762Z","https://edition.cnn.com/","collector.cdp.cnn.com","xhr",true,false,false,0,71,200
"2025-04-14T17:06:36.945Z","https://edition.cnn.com/","live-media-fly.warnermediacdn.com","xhr",true,false,false,1.55,64,200
"2025-04-14T17:06:36.995Z","https://edition.cnn.com/","live-media-fly.warnermediacdn.com","xhr",true,false,false,46.32,50,200
"2025-04-14T17:06:37.374Z","https://edition.cnn.com/","collector.cdp.cnn.com","xhr",true,false,false,0,74,200
"2025-04-14T17:06:37.874Z","https://edition.cnn.com/","collector.cdp.cnn.com","xhr",true,false,false,0,74,200
"2025-04-14T17:06:37.913Z","https://edition.cnn.com/","live-media-fly.warnermediacdn.com","xhr",true,false,false,1.55,50,200
"2025-04-14T17:06:38.689Z","https://edition.cnn.com/","live-media-fly.warnermediacdn.com","xhr",true,false,false,418.11,776,200
"2025-04-14T17:06:39.697Z","https://edition.cnn.com/","sb.scorecardresearch.com","image",false,false,true,0.04,54,200
"2025-04-14T17:06:39.723Z","https://edition.cnn.com/","nytimes.com","document",true,false,false,0,84,301
"2025-04-14T17:06:39.814Z","https://edition.cnn.com/","privacyportal-eu.onetrust.com","ping",true,false,false,0,172,201
"2025-04-14T17:06:40.047Z","https://edition.cnn.com/","connect-metrics-collector.s-onetag.com","ping",true,false,false,0,450,200
"2025-04-14T17:06:40.059Z","https://edition.cnn.com/","signal-metrics-collector-beta.s-onetag.com","ping",true,false,false,0,418,200
"2025-04-14T17:06:40.242Z","https://www.nytimes.com/","www.nytimes.com","image",false,true,false,1.93,37,200
"2025-04-14T17:06:40.249Z","https://www.nytimes.com/","www.nytimes.com","image",false,false,false,0.96,43,200
"2025-04-14T17:06:40.243Z","https://www.nytimes.com/","www.nytimes.com","stylesheet",false,false,false,2,61,200
"2025-04-14T17:06:40.246Z","https://www.nytimes.com/","www.nytimes.com","stylesheet",false,false,false,1.63,64,200
"2025-04-14T17:06:40.263Z","https://www.nytimes.com/","www.nytimes.com","document",false,false,false,198.69,539,200
"2025-04-14T17:06:40.314Z","https://www.nytimes.com/","www.nytimes.com","image",false,false,false,1.31,107,200
"2025-04-14T17:06:40.326Z","https://www.nytimes.com/","www.nytimes.com","image",false,false,false,2.48,118,200
"2025-04-14T17:06:40.628Z","https://www.nytimes.com/","g1.nyt.com","stylesheet",true,true,false,6.21,446,200
"2025-04-14T17:06:40.756Z","https://www.nytimes.com/","static01.nyt.com","image",true,true,false,35.73,527,200
"2025-04-14T17:06:40.762Z","https://www.nytimes.com/","static01.nyt.com","image",true,false,false,1.6,556,200
"2025-04-14T17:06:40.765Z","https://www.nytimes.com/","www.nytimes.com","image",false,true,false,0.7,553,200
"2025-04-14T17:06:40.767Z","https://www.nytimes.com/","www.nytimes.com","image",false,true,false,1.28,556,200
"2025-04-14T17:06:40.768Z","https://www.nytimes.com/","www.nytimes.com","image",false,true,false,1.48,559,200
"2025-04-14T17:06:40.770Z","https://www.nytimes.com/","www.nytimes.com","image",false,true,false,3.61,562,200
"2025-04-14T17:06:40.773Z","https://www.nytimes.com/","www.nytimes.com","image",false,false,false,1.07,563,200
"2025-04-14T17:06:40.774Z","https://www.nytimes.com/","www.nytimes.com","image",false,false,false,2.98,559,200
"2025-04-14T17:06:40.778Z","https://www.nytimes.com/","www.nytimes.com","image",false,true,false,2.05,564,200
"2025-04-14T17:06:40.780Z","https://www.nytimes.com/","www.nytimes.com","image",false,false,false,6.48,561,200
"2025-04-14T17:06:40.782Z","https://www.nytimes.com/","www.nytimes.com","image",false,false,false,9.06,564,200
"2025-04-14T17:06:40.945Z","https://www.nytimes.com/","","image",true,false,false,0,4,200
"2025-04-14T17:06:40.950Z","https://www.nytimes.com/","static01.nyt.com","image",true,false,false,2.71,737,200
"2025-04-14T17:06:40.952Z","https://www.nytimes.com/","static01.nyt.com","image",true,false,false,3.74,738,200
"2025-04-14T17:06:40.953Z","https://www.nytimes.com/","static01.nyt.com","image",true,false,false,29.92,743,200
"2025-04-14T17:06:40.955Z","https://www.nytimes.com/","www.nytimes.com","image",false,false,false,2.66,728,200
"2025-04-14T17:06:40.957Z","https://www.nytimes.com/","www.nytimes.com","image",false,false,false,2.32,731,200
"2025-04-14T17:06:40.959Z","https://www.nytimes.com/","www.nytimes.com","image",false,false,false,3.24,736,200
"2025-04-14T17:06:40.961Z","https://www.nytimes.com/","www.nytimes.com","image",false,false,false,1.03,736,200
"2025-04-14T17:06:40.962Z","https://www.nytimes.com/","www.nytimes.com","image",false,false,false,10.68,734,200
"2025-04-14T17:06:40.964Z","https://www.nytimes.com/","www.nytimes.com","image",false,false,false,1.27,743,200
"2025-04-14T17:06:40.965Z","https://www.nytimes.com/","www.nytimes.com","image",false,false,false,0.66,745,200
"2025-04-14T17:06:40.967Z","https://www.nytimes.com/","www.nytimes.com","image",false,false,false,3.76,745,200
"2025-04-14T17:06:40.968Z","https://www.nytimes.com/","static01.nyt.com","image",true,false,false,9.68,751,200
"2025-04-14T17:06:40.970Z","https://www.nytimes.com/","static01.nyt.com","image",true,false,false,36.88,752,200
"2025-04-14T17:06:40.971Z","https://www.nytimes.com/","static01.nyt.com","image",true,true,false,12.65,752,200
"2025-04-14T17:06:40.973Z","https://www.nytimes.com/","static01.nyt.com","image",true,false,false,11.54,756,200
"2025-04-14T17:06:40.974Z","https://www.nytimes.com/","www.nytimes.com","image",false,false,false,0.54,755,200
"2025-04-14T17:06:40.976Z","https://www.nytimes.com/","www.nytimes.com","image",false,false,false,0.65,755,200
"2025-04-14T17:06:40.978Z","https://www.nytimes.com/","static01.nyt.com","image",true,false,false,3.99,762,200
"2025-04-14T17:06:40.980Z","https://www.nytimes.com/","g1.nyt.com","font",true,false,false,19.8,228,200
"2025-04-14T17:06:40.981Z","https://www.nytimes.com/","g1.nyt.com","font",true,false,false,19.35,227,200
"2025-04-14T17:06:40.982Z","https://www.nytimes.com/","g1.nyt.com","font",true,false,false,19.72,229,200
"2025-04-14T17:06:41.104Z","https://www.nytimes.com/","g1.nyt.com","font",true,true,false,23.62,158,200
"2025-04-14T17:06:41.105Z","https://www.nytimes.com/","g1.nyt.com","font",true,false,false,28.39,157,200
"2025-04-14T17:06:41.107Z","https://www.nytimes.com/","g1.nyt.com","font",true,false,false,25.88,160,200
"2025-04-14T17:06:41.108Z","https://www.nytimes.com/","g1.nyt.com","font",true,true,false,27.61,161,200
"2025-04-14T17:06:41.111Z","https://www.nytimes.com/","g1.nyt.com","font",true,false,false,26.62,163,200
"2025-04-14T17:06:40.991Z","https://www.nytimes.com/","www.nytimes.com","script",false,true,false,8.49,789,200
"2025-04-14T17:06:41.113Z","https://www.nytimes.com/","www.datadoghq-browser-agent.com","script",true,true,false,0,922,200
"2025-04-14T17:06:41.130Z","https://www.nytimes.com/","www.nytimes.com","script",false,false,false,0.78,872,200
"2025-04-14T17:06:41.133Z","https://www.nytimes.com/","www.nytimes.com","script",false,false,false,127.47,882,200
"2025-04-14T17:06:41.228Z","https://www.nytimes.com/","g1.nyt.com","font",true,false,false,22.85,130,200
"2025-04-14T17:06:41.230Z","https://www.nytimes.com/","g1.nyt.com","font",true,false,false,28.19,129,200
"2025-04-14T17:06:41.231Z","https://www.nytimes.com/","g1.nyt.com","font",true,false,false,23.15,131,200
"2025-04-14T17:06:41.232Z","https://www.nytimes.com/","g1.nyt.com","font",true,false,false,23.46,133,200
"2025-04-14T17:06:41.170Z","https://www.nytimes.com/","static01.nyt.com","script",true,false,false,84.46,539,200
"2025-04-14T17:06:41.192Z","https://www.nytimes.com/","www.nytimes.com","script",false,false,false,3.79,935,200
"2025-04-14T17:06:41.194Z","https://www.nytimes.com/","www.nytimes.com","script",false,false,false,1.06,939,200
"2025-04-14T17:06:41.198Z","https://www.nytimes.com/","www.nytimes.com","script",false,false,false,265.39,946,200
"2025-04-14T17:06:41.395Z","https://www.nytimes.com/","static01.nyt.com","document",true,true,false,0.54,611,200
"2025-04-14T17:06:41.304Z","https://www.nytimes.com/","als-svc.nytimes.com","xhr",false,false,false,0,640,200
"2025-04-14T17:06:41.358Z","https://www.nytimes.com/","a.et.nytimes.com","ping",true,true,false,0,697,200
"2025-04-14T17:06:41.365Z","https://www.nytimes.com/","www.nytimes.com","script",false,false,false,729.78,1103,200
"2025-04-14T17:06:41.788Z","https://www.nytimes.com/","pagead2.googlesyndication.com","script",true,true,true,33.15,1125,200
"2025-04-14T17:06:41.790Z","https://www.nytimes.com/","samizdat-graphql.nytimes.com","xhr",true,false,false,0.16,1128,200
"2025-04-14T17:06:41.916Z","https://www.nytimes.com/","www.googletagmanager.com","script",true,false,false,148.42,1654,200
"2025-04-14T17:06:42.054Z","https://www.nytimes.com/","www.nytimes.com","script",false,false,false,15.35,272,200
"2025-04-14T17:06:42.127Z","https://www.nytimes.com/","www.nytimes.com","script",false,false,false,7.66,344,200
"2025-04-14T17:06:42.129Z","https://www.nytimes.com/","www.nytimes.com","script",false,false,false,6.68,346,200
"2025-04-14T17:06:42.130Z","https://www.nytimes.com/","www.nytimes.com","script",false,false,false,5.66,348,200
"2025-04-14T17:06:42.132Z","https://www.nytimes.com/","www.nytimes.com","script",false,false,false,6.67,349,200
"2025-04-14T17:06:42.134Z","https://www.nytimes.com/","www.nytimes.com","script",false,false,false,94.32,351,200
"2025-04-14T17:06:42.417Z","https://www.nytimes.com/","dd.nytimes.com","script",true,false,false,0,449,200
"2025-04-14T17:06:42.922Z","https://www.nytimes.com/","a.et.nytimes.com","ping",true,true,false,0,506,200
"2025-04-14T17:06:43.171Z","https://www.nytimes.com/","static01.nyt.com","image",true,false,false,7.39,66,200
"2025-04-14T17:06:43.173Z","https://www.nytimes.com/","static01.nyt.com","image",true,false,false,5.12,67,200
"2025-04-14T17:06:43.239Z","https://www.nytimes.com/","static01.nyt.com","image",true,false,false,70.59,135,200
"2025-04-14T17:06:43.241Z","https://www.nytimes.com/","static01.nyt.com","image",true,false,false,25.65,136,200
"2025-04-14T17:06:43.242Z","https://www.nytimes.com/","static01.nyt.com","image",true,false,false,41.82,137,200
"2025-04-14T17:06:43.243Z","https://www.nytimes.com/","static01.nyt.com","image",true,false,false,18.27,137,200
"2025-04-14T17:06:43.244Z","https://www.nytimes.com/","static01.nyt.com","image",true,false,false,21.97,139,200
"2025-04-14T17:06:43.244Z","https://www.nytimes.com/","static01.nyt.com","image",true,false,false,15.47,137,200
"2025-04-14T17:06:43.163Z","https://www.nytimes.com/","purr.nytimes.com","fetch",true,false,false,0,1041,200
"2025-04-14T17:06:43.166Z","https://www.nytimes.com/","static01.nyt.com","fetch",true,false,false,17.85,265,200
"2025-04-14T17:06:43.258Z","https://www.nytimes.com/","www.nytimes.com","fetch",false,false,false,0.25,358,200
"2025-04-14T17:06:43.266Z","https://www.nytimes.com/","static01.nytimes.com","fetch",true,false,false,0.92,364,200
"2025-04-14T17:06:43.271Z","https://www.nytimes.com/","purr.nytimes.com","fetch",true,false,false,0,370,200
"2025-04-14T17:06:43.513Z","https://www.nytimes.com/","static01.nyt.com","script",true,false,false,141.28,612,200
"2025-04-14T17:06:43.515Z","https://www.nytimes.com/","a.nytimes.com","fetch",false,false,false,0,613,200
"2025-04-14T17:06:43.534Z","https://www.nytimes.com/","a.et.nytimes.com","ping",true,true,false,0,277,200
"2025-04-14T17:06:43.859Z","https://www.nytimes.com/","www.nytimes.com","fetch",false,false,false,461.24,596,200
"2025-04-14T17:06:43.871Z","https://www.nytimes.com/","pagead2.googlesyndication.com","script",true,true,true,165.47,724,200
"2025-04-14T17:06:44.412Z","https://www.nytimes.com/","","font",true,true,false,0,159,200
"2025-04-14T17:06:44.263Z","https://www.nytimes.com/","www.nytimes.com","fetch",false,false,false,0,1083,200
"2025-04-14T17:06:44.671Z","https://www.nytimes.com/","97df33432b2f001d98331ee02000def2.safeframe.googlesyndication.com","document",true,false,true,2.95,278,200
"2025-04-14T17:06:44.418Z","https://www.nytimes.com/","samizdat-graphql.nytimes.com","fetch",true,true,false,75.48,871,200
"2025-04-14T17:06:44.421Z","https://www.nytimes.com/","samizdat-graphql.nytimes.com","fetch",true,true,false,0,881,200
"2025-04-14T17:06:45.211Z","https://www.nytimes.com/","static01.nyt.com","image",true,false,false,4.6,59,200
"2025-04-14T17:06:45.213Z","https://www.nytimes.com/","static01.nyt.com","image",true,false,false,29.82,61,200
"2025-04-14T17:06:45.214Z","https://www.nytimes.com/","static01.nyt.com","image",true,true,false,5.71,60,200
"2025-04-14T17:06:45.215Z","https://www.nytimes.com/","static01.nyt.com","image",true,false,false,64.06,62,200
"2025-04-14T17:06:45.217Z","https://www.nytimes.com/","static01.nyt.com","image",true,false,false,10.96,62,200
"2025-04-14T17:06:45.017Z","https://www.nytimes.com/","a.et.nytimes.com","ping",true,true,false,0,750,200
"2025-04-14T17:06:45.225Z","https://www.nytimes.com/","vp.nyt.com","texttrack",true,false,false,1.79,782,200
"2025-04-14T17:06:45.228Z","https://www.nytimes.com/","static.chartbeat.com","script",true,false,false,0,1451,200
"2025-04-14T17:06:45.231Z","https://www.nytimes.com/","cdn.brandmetrics.com","script",true,false,false,0,1453,200
"2025-04-14T17:06:45.247Z","https://www.nytimes.com/","static01.nyt.com","script",true,false,false,9.83,995,200
"2025-04-14T17:06:45.249Z","https://www.nytimes.com/","a1.nyt.com","script",true,true,false,0.06,1471,200
"2025-04-14T17:06:45.363Z","https://www.nytimes.com/","pagead2.googlesyndication.com","fetch",false,true,true,0.19,976,200
"2025-04-14T17:06:45.432Z","https://www.nytimes.com/","static01.nyt.com","fetch",true,false,false,17.85,124,200
"2025-04-14T17:06:45.449Z","https://www.nytimes.com/","samizdat-graphql.nytimes.com","fetch",true,true,false,19.48,431,200
"2025-04-14T17:06:45.735Z","https://www.nytimes.com/","dd.nytimes.com","xhr",true,false,false,0.23,178,200
"2025-04-14T17:06:45.736Z","https://www.nytimes.com/","a.et.nytimes.com","ping",true,true,false,0,289,200
"2025-04-14T17:06:45.798Z","https://www.nytimes.com/","pnytimes.chartbeat.net","image",false,true,false,0.04,449,200
"2025-04-14T17:06:45.871Z","https://www.nytimes.com/","pagead2.googlesyndication.com","other",true,true,true,22.68,37,200
"2025-04-14T17:06:45.881Z","https://www.nytimes.com/","static01.nyt.com","script",true,false,false,5.69,47,200
"2025-04-14T17:06:46.002Z","https://www.nytimes.com/","accounts.google.com","script",true,false,false,0,556,200
"2025-04-14T17:06:46.092Z","https://www.nytimes.com/","a.et.nytimes.com","ping",true,true,false,0,184,200
"2025-04-14T17:06:46.133Z","https://www.nytimes.com/","www.nytimes.com","other",false,true,false,1.16,40,200
"2025-04-14T17:06:46.132Z","https://www.nytimes.com/","accounts.google.com","stylesheet",true,false,false,0,69,200
"2025-04-14T17:06:46.140Z","https://www.nytimes.com/","accounts.google.com","xhr",true,false,false,0,71,400
"2025-04-14T17:06:46.202Z","https://www.nytimes.com/","a.et.nytimes.com","fetch",true,false,false,0,154,200
"2025-04-14T17:06:46.233Z","https://www.nytimes.com/","platform.iteratehq.com","script",true,true,false,0,147,200
"2025-04-14T17:06:46.282Z","https://www.nytimes.com/","platform.iteratehq.com","script",true,false,false,0,48,200
"2025-04-14T17:06:46.312Z","https://www.nytimes.com/","ep1.adtrafficquality.google","xhr",true,true,false,12.98,263,200
"2025-04-14T17:06:46.481Z","https://www.nytimes.com/","iteratehq.com","fetch",true,false,false,0.24,173,200
"2025-04-14T17:06:46.601Z","https://www.nytimes.com/","ep2.adtrafficquality.google","script",true,true,false,6.29,289,200
"2025-04-14T17:06:46.840Z","https://www.nytimes.com/","ep2.adtrafficquality.google","document",true,true,false,4.89,228,200
"2025-04-14T17:06:46.942Z","https://www.nytimes.com/","iteratehq.com","fetch",true,false,false,0,135,200
"2025-04-14T17:06:47.003Z","https://www.nytimes.com/","pagead2.googlesyndication.com","script",true,true,true,20.27,155,200
"2025-04-14T17:06:47.200Z","https://www.nytimes.com/","ep2.adtrafficquality.google","image",true,true,false,0,49,204
"2025-04-14T17:06:47.822Z","https://www.nytimes.com/","ep1.adtrafficquality.google","image",true,true,false,0,103,204
"2025-04-14T17:06:47.965Z","https://www.nytimes.com/","a.et.nytimes.com","ping",true,true,false,0,178,200
"2025-04-14T17:06:48.065Z","https://www.nytimes.com/","static01.nyt.com","image",true,false,false,9.49,41,200
"2025-04-14T17:06:48.165Z","https://www.nytimes.com/","static01.nyt.com","image",true,false,false,6.28,42,200
"2025-04-14T17:06:48.266Z","https://www.nytimes.com/","static01.nyt.com","image",true,true,false,11.21,43,200
"2025-04-14T17:06:48.367Z","https://www.nytimes.com/","static01.nyt.com","image",true,false,false,17.21,44,200
"2025-04-14T17:06:48.469Z","https://www.nytimes.com/","static01.nyt.com","image",true,false,false,37.63,45,200
"2025-04-14T17:06:48.563Z","https://www.nytimes.com/","static01.nyt.com","image",true,false,false,5.61,40,200
"2025-04-14T17:06:48.877Z","https://www.nytimes.com/","static01.nyt.com","image",true,false,false,10.17,54,200
"2025-04-14T17:06:49.308Z","https://www.nytimes.com/","a.et.nytimes.com","ping",true,true,false,0,177,200
"2025-04-14T17:06:49.730Z","https://www.nytimes.com/","static01.nyt.com","image",true,false,false,15.8,92,200
"2025-04-14T17:06:50.204Z","https://www.nytimes.com/","vp.nyt.com","media",true,false,false,4.1,462,206
"2025-04-14T17:06:50.841Z","https://www.nytimes.com/","pnytimes.chartbeat.net","image",true,true,false,0.04,188,200
"2025-04-14T17:06:51.307Z","https://www.nytimes.com/","a.et.nytimes.com","ping",true,true,false,0,295,200
"2025-04-14T17:06:51.712Z","https://www.nytimes.com/","pnytimes.chartbeat.net","image",true,true,false,0.04,159,200
"2025-04-14T17:06:51.854Z","https://www.nytimes.com/","pnytimes.chartbeat.net","image",false,true,false,0.04,201,200
"2025-04-14T17:06:52.958Z","https://www.nytimes.com/","a.et.nytimes.com","ping",true,true,false,0,169,200
"2025-04-14T17:06:53.942Z","https://www.nytimes.com/","static01.nyt.com","image",true,false,false,43.78,3522,200
"2025-04-14T17:06:54.051Z","https://www.nytimes.com/","static01.nyt.com","image",true,false,false,298.58,4010,200
"2025-04-14T17:06:54.185Z","https://www.nytimes.com/","static01.nyt.com","image",true,false,false,62.81,3049,200
"2025-04-14T17:06:54.277Z","https://www.nytimes.com/","vp.nyt.com","media",true,false,false,4068.1,4073,206
"2025-04-14T17:06:54.279Z","https://www.nytimes.com/","static01.nyt.com","image",true,false,false,13.6,2660,200
"2025-04-14T17:06:54.433Z","https://www.nytimes.com/","static01.nyt.com","image",true,false,false,30.18,2195,200
"2025-04-14T17:06:54.598Z","https://www.nytimes.com/","static01.nyt.com","image",true,false,false,32.01,1560,200
"2025-04-14T17:06:54.599Z","https://www.nytimes.com/","static01.nyt.com","image",true,false,false,24.26,1561,200
"2025-04-14T17:06:54.692Z","https://www.nytimes.com/","static01.nyt.com","image",true,false,false,50.51,1653,200
"2025-04-14T17:06:54.704Z","https://www.nytimes.com/","static01.nyt.com","image",true,false,false,6.91,1665,200
"2025-04-14T17:06:54.717Z","https://www.nytimes.com/","static01.nyt.com","image",true,false,false,40.49,1677,200
"2025-04-14T17:06:54.788Z","https://www.nytimes.com/","static01.nyt.com","image",true,false,false,7.27,1450,200
"2025-04-14T17:06:54.789Z","https://www.nytimes.com/","static01.nyt.com","image",true,false,false,8.36,1251,200
"2025-04-14T17:06:54.790Z","https://www.nytimes.com/","static01.nyt.com","image",true,false,false,9.36,1153,200
"2025-04-14T17:06:54.798Z","https://www.nytimes.com/","static01.nyt.com","image",true,true,false,2686.36,5152,200
"2025-04-14T17:06:54.799Z","https://www.nytimes.com/","static01.nyt.com","image",true,false,false,20.18,1462,200
"2025-04-14T17:06:54.814Z","https://www.nytimes.com/","static01.nyt.com","image",true,false,false,9.19,979,200
"2025-04-14T17:06:54.821Z","https://www.nytimes.com/","static01.nyt.com","image",true,false,false,6.2,985,200
"2025-04-14T17:06:54.822Z","https://www.nytimes.com/","static01.nyt.com","image",true,false,false,8.86,986,200
"2025-04-14T17:06:54.829Z","https://www.nytimes.com/","static01.nyt.com","image",true,false,false,7.26,994,200
"2025-04-14T17:06:54.832Z","https://www.nytimes.com/","static01.nyt.com","image",true,false,false,3.28,478,200
"2025-04-14T17:06:54.834Z","https://www.nytimes.com/","static01.nyt.com","image",true,false,false,2.71,479,200
"2025-04-14T17:06:54.836Z","https://www.nytimes.com/","static01.nyt.com","image",true,false,false,11.34,480,200
"2025-04-14T17:06:54.852Z","https://www.nytimes.com/","static01.nyt.com","image",true,false,false,10.41,316,200
"2025-04-14T17:06:54.854Z","https://www.nytimes.com/","static01.nyt.com","image",true,false,false,1.73,317,200
"2025-04-14T17:06:54.856Z","https://www.nytimes.com/","static01.nyt.com","image",true,false,false,5.59,319,200
"2025-04-14T17:06:55.861Z","https://www.nytimes.com/","www.nytimes.com","script",false,false,false,14.89,107,200
"2025-04-14T17:06:55.866Z","https://www.nytimes.com/","www.nytimes.com","script",false,false,false,7.13,111,200
"2025-04-14T17:06:55.870Z","https://www.nytimes.com/","www.nytimes.com","script",false,false,false,23.71,114,200
"2025-04-14T17:06:56.618Z","https://www.nytimes.com/","samizdat-graphql.nytimes.com","fetch",true,true,false,96.65,607,200
"2025-04-14T17:06:57.291Z","https://www.nytimes.com/","g1.nyt.com","font",true,false,false,19.66,192,200
"2025-04-14T17:06:57.293Z","https://www.nytimes.com/","static01.nyt.com","image",true,false,false,20.19,169,200
"2025-04-14T17:06:57.300Z","https://www.nytimes.com/","static01.nyt.com","image",true,false,false,15.7,173,200
"2025-04-14T17:06:57.301Z","https://www.nytimes.com/","static01.nyt.com","image",true,false,false,9.7,172,200
"2025-04-14T17:06:57.304Z","https://www.nytimes.com/","static01.nyt.com","image",true,false,false,20.43,174,200
"2025-04-14T17:06:57.305Z","https://www.nytimes.com/","static01.nyt.com","image",true,false,false,11.64,182,200
"2025-04-14T17:06:57.307Z","https://www.nytimes.com/","static01.nyt.com","image",true,false,false,6.44,184,200
"2025-04-14T17:06:57.310Z","https://www.nytimes.com/","static01.nyt.com","image",true,false,false,3.77,189,200
"2025-04-14T17:06:57.348Z","https://www.nytimes.com/","static01.nyt.com","image",true,false,false,15.86,222,200
"2025-04-14T17:06:57.349Z","https://www.nytimes.com/","static01.nyt.com","image",true,false,false,27.41,223,200
"2025-04-14T17:06:57.350Z","https://www.nytimes.com/","static01.nyt.com","image",true,false,false,33.12,229,200
"2025-04-14T17:06:57.353Z","https://www.nytimes.com/","static01.nyt.com","image",true,false,false,7.25,222,200
"2025-04-14T17:06:57.356Z","https://www.nytimes.com/","static01.nyt.com","image",true,false,false,11.97,223,200
"2025-04-14T17:06:57.359Z","https://www.nytimes.com/","static01.nyt.com","image",true,false,false,7.94,226,200
"2025-04-14T17:06:57.367Z","https://www.nytimes.com/","static01.nyt.com","image",true,false,false,18.22,234,200
"2025-04-14T17:06:57.368Z","https://www.nytimes.com/","static01.nyt.com","image",true,false,false,3.75,234,200
"2025-04-14T17:06:57.371Z","https://www.nytimes.com/","static01.nyt.com","image",true,false,false,4.37,236,200
"2025-04-14T17:06:57.396Z","https://www.nytimes.com/","static01.nyt.com","image",true,false,false,6.63,262,200
"2025-04-14T17:06:57.397Z","https://www.nytimes.com/","static01.nyt.com","image",true,false,false,9.34,265,200
"2025-04-14T17:06:57.398Z","https://www.nytimes.com/","static01.nyt.com","image",true,false,false,10.2,262,200
"2025-04-14T17:06:57.399Z","https://www.nytimes.com/","static01.nyt.com","image",true,false,false,13.44,263,200
"2025-04-14T17:06:57.404Z","https://www.nytimes.com/","static01.nyt.com","image",true,false,false,6.55,65,200
"2025-04-14T17:06:57.407Z","https://www.nytimes.com/","static01.nyt.com","image",true,false,false,5.36,68,200
"2025-04-14T17:06:57.425Z","https://www.nytimes.com/","static01.nyt.com","image",true,false,false,10.14,83,200
"2025-04-14T17:06:57.504Z","https://www.nytimes.com/","static01.nyt.com","image",true,false,false,143.7,166,200
"2025-04-14T17:06:57.590Z","https://www.nytimes.com/","static01.nyt.com","image",true,false,false,136.54,246,200
"2025-04-14T17:06:57.618Z","https://www.nytimes.com/","static01.nyt.com","image",true,false,false,17.74,79,200
"2025-04-14T17:06:57.619Z","https://www.nytimes.com/","static01.nyt.com","image",true,false,false,8.26,79,200
"2025-04-14T17:06:57.620Z","https://www.nytimes.com/","static01.nyt.com","image",true,false,false,12.28,81,200
"2025-04-14T17:06:57.955Z","https://www.nytimes.com/","dd.nytimes.com","xhr",true,false,false,0.23,97,200
"2025-04-14T17:06:58.122Z","https://www.nytimes.com/","static01.nyt.com","image",true,false,false,6.15,55,200
"2025-04-14T17:06:58.152Z","https://www.nytimes.com/","static01.nyt.com","image",true,false,false,23.21,86,200
"2025-04-14T17:06:58.153Z","https://www.nytimes.com/","static01.nyt.com","image",true,true,false,16.88,86,200
"2025-04-14T17:06:58.154Z","https://www.nytimes.com/","static01.nyt.com","image",true,false,false,15.45,86,200
"2025-04-14T17:06:58.159Z","https://www.nytimes.com/","static01.nyt.com","image",true,false,false,19.26,93,200
"2025-04-14T17:06:58.429Z","https://www.nytimes.com/","static01.nyt.com","image",true,false,false,11.04,89,200
"2025-04-14T17:06:58.430Z","https://www.nytimes.com/","static01.nyt.com","image",true,true,false,14.88,90,200
"2025-04-14T17:06:58.431Z","https://www.nytimes.com/","static01.nyt.com","image",true,false,false,27.44,90,200
"2025-04-14T17:06:59.769Z","https://www.nytimes.com/","www.nytimes.com","script",false,false,false,1.38,35,200
"2025-04-14T17:06:59.807Z","https://www.nytimes.com/","www.nytimes.com","script",false,false,false,3.97,34,200
"2025-04-14T17:07:00.479Z","https://www.nytimes.com/","pnytimes.chartbeat.net","image",false,true,false,0.04,135,200